"Site","Transect","Subplot","ABLA","PICO","PIEN","PIPO","PSME","POTR5.sucker","POTR5.seedling","Conifer"
"2","A","2",0,0,0,0,0,0,0,0
"2","A","3",0,0,0,0,0,0,0,0
"2","A","4",0,0,0,0,0,0,0,0
"2","A","5",0,0,0,0,0,0,0,0
"2","A","6",0,0,0,0,0,0,0,0
"2","A","7",0,0,0,0,0,0,0,0
"2","A","1",0,0,0,1,0,0,0,1
"2","A","8",0,0,0,0,0,0,0,0
"2","A","9",0,0,0,0,0,0,0,0
"2","A","10",0,0,0,0,0,0,0,0
"2","A","11",0,0,0,0,0,0,0,0
"2","A","12",0,0,0,0,0,0,0,0
"2","A","13",0,0,0,0,0,0,0,0
"2","A","14",0,0,0,0,0,0,0,0
"2","A","15",0,0,0,0,0,0,0,0
"2","A","16",0,0,0,0,0,0,0,0
"2","A","17",0,0,0,0,0,0,0,0
"2","A","18",0,0,0,0,0,0,0,0
"2","A","19",0,0,0,0,0,0,0,0
"2","A","20",0,0,0,0,0,0,0,0
"2","A","21",0,0,0,0,0,0,0,0
"2","A","22",0,0,0,0,0,0,0,0
"2","A","23",0,0,0,0,0,0,0,0
"2","A","24",0,0,0,0,0,0,0,0
"2","A","25",0,0,0,0,0,0,0,0
"2","B","2",0,0,0,3,0,0,0,3
"2","B","3",0,0,0,0,0,0,0,0
"2","B","4",0,0,0,0,0,0,0,0
"2","B","5",0,0,0,0,0,0,0,0
"2","B","6",0,0,0,0,0,0,0,0
"2","B","7",0,0,0,0,0,0,0,0
"2","B","1",0,0,0,0,0,0,0,0
"2","B","8",0,0,0,0,0,0,0,0
"2","B","9",0,0,0,0,0,0,0,0
"2","B","10",0,0,0,1,0,0,0,1
"2","B","11",0,0,0,0,0,0,0,0
"2","B","12",0,0,0,0,0,0,0,0
"2","B","14",0,0,0,0,0,0,0,0
"2","B","15",0,0,0,0,0,0,0,0
"2","B","16",0,0,0,0,0,0,0,0
"2","B","17",0,0,0,0,0,0,0,0
"2","B","18",0,0,0,0,0,0,0,0
"2","B","19",0,0,0,0,0,0,0,0
"2","B","20",0,0,0,0,0,0,0,0
"2","B","21",0,0,0,0,0,0,0,0
"2","B","22",0,0,0,0,0,0,0,0
"2","B","23",0,0,0,0,0,0,0,0
"2","B","24",0,0,0,0,0,0,0,0
"2","B","25",0,0,0,0,0,0,0,0
"2","B","26",0,0,0,0,0,0,0,0
"3","A","2",0,0,0,0,0,0,0,0
"3","A","3",0,0,0,0,0,0,0,0
"3","A","4",0,0,0,0,0,0,0,0
"3","A","5",0,0,0,0,0,0,0,0
"3","A","6",0,0,0,0,0,4,0,0
"3","A","7",0,0,0,0,0,0,0,0
"3","A","1",0,0,0,0,0,0,0,0
"3","A","8",0,0,0,0,0,0,0,0
"3","A","9",0,0,0,0,0,0,0,0
"3","A","10",0,0,0,0,0,3,0,0
"3","A","11",0,0,0,0,0,0,0,0
"3","A","12",0,0,0,0,0,0,0,0
"3","A","13",0,0,0,0,0,0,0,0
"3","A","14",0,0,0,0,0,0,0,0
"3","A","15",0,0,0,0,0,0,0,0
"3","A","16",0,0,0,0,0,0,0,0
"3","A","17",0,0,0,0,0,0,0,0
"3","A","18",0,0,0,0,0,0,0,0
"3","A","19",0,0,0,0,0,0,0,0
"3","A","20",0,0,0,0,0,0,0,0
"3","A","21",0,0,0,0,0,0,0,0
"3","A","22",0,0,0,0,0,0,0,0
"3","A","23",0,0,0,0,0,0,0,0
"3","A","24",0,0,0,0,0,0,0,0
"3","A","25",0,0,0,0,0,0,0,0
"3","B","2",0,0,0,0,0,0,0,0
"3","B","3",0,0,0,0,0,0,0,0
"3","B","4",0,0,0,0,0,0,0,0
"3","B","5",0,0,0,0,0,0,0,0
"3","B","6",0,0,0,0,0,0,0,0
"3","B","7",0,0,0,0,0,0,0,0
"3","B","1",0,0,0,0,0,0,0,0
"3","B","8",0,0,0,0,0,0,0,0
"3","B","9",0,0,0,0,0,0,0,0
"3","B","10",0,0,0,0,0,0,0,0
"3","B","11",0,0,0,0,0,0,0,0
"3","B","12",0,0,0,0,0,0,0,0
"3","B","14",0,0,0,0,0,0,0,0
"3","B","15",0,0,0,0,0,0,0,0
"3","B","16",0,0,0,0,0,0,0,0
"3","B","17",0,0,0,0,0,0,0,0
"3","B","18",0,0,0,0,0,0,0,0
"3","B","19",0,0,0,0,0,0,0,0
"3","B","20",0,0,0,0,0,0,0,0
"3","B","21",0,0,0,0,0,0,0,0
"3","B","22",0,0,0,0,0,0,0,0
"3","B","23",0,0,0,0,0,0,0,0
"3","B","24",0,0,0,0,0,0,0,0
"3","B","25",0,0,0,0,0,0,0,0
"3","B","26",0,0,0,0,0,0,0,0
"4","A","2",0,0,0,0,0,0,0,0
"4","A","3",0,0,0,0,0,0,0,0
"4","A","4",0,0,0,0,0,0,0,0
"4","A","5",0,0,0,0,0,0,0,0
"4","A","6",0,2,0,0,0,0,0,2
"4","A","7",0,0,0,0,0,0,0,0
"4","A","1",0,0,0,0,0,0,0,0
"4","A","8",0,1,0,0,0,0,0,1
"4","A","9",0,0,0,0,0,0,0,0
"4","A","10",0,1,0,0,0,0,0,1
"4","A","11",0,0,0,0,0,0,0,0
"4","A","12",0,1,0,0,0,0,0,1
"4","A","13",0,0,0,0,0,0,0,0
"4","A","14",0,0,0,0,0,0,0,0
"4","A","15",0,0,0,0,0,0,0,0
"4","A","16",0,0,0,0,0,0,0,0
"4","A","17",0,0,0,0,0,0,0,0
"4","A","18",0,0,0,0,0,0,0,0
"4","A","19",0,0,0,0,0,0,0,0
"4","A","20",0,0,0,0,0,0,0,0
"4","A","21",0,0,0,0,0,0,0,0
"4","A","22",0,0,0,0,0,0,0,0
"4","A","23",0,0,0,0,0,0,0,0
"4","A","24",0,0,0,0,0,0,0,0
"4","A","25",0,0,0,0,0,0,0,0
"4","B","2",0,0,0,0,0,0,0,0
"4","B","3",0,0,0,0,0,0,0,0
"4","B","4",0,0,0,0,0,0,0,0
"4","B","5",0,0,0,0,0,0,0,0
"4","B","6",0,1,0,0,0,0,0,1
"4","B","7",0,0,0,0,0,0,0,0
"4","B","1",0,0,0,0,0,0,0,0
"4","B","8",0,0,0,0,0,0,0,0
"4","B","9",0,0,0,0,0,0,0,0
"4","B","10",0,0,0,0,0,0,0,0
"4","B","11",0,0,0,0,0,0,0,0
"4","B","12",0,0,0,0,0,0,0,0
"4","B","14",0,0,0,0,0,0,0,0
"4","B","15",0,0,0,0,0,0,0,0
"4","B","16",0,1,0,0,0,0,0,1
"4","B","17",0,0,0,0,0,0,0,0
"4","B","18",0,0,0,0,0,0,0,0
"4","B","19",0,2,0,0,0,0,0,2
"4","B","20",0,0,0,0,0,0,0,0
"4","B","21",0,0,0,0,0,0,0,0
"4","B","22",0,0,0,0,0,0,0,0
"4","B","23",0,0,0,0,0,0,0,0
"4","B","24",0,3,0,0,0,0,0,3
"4","B","25",0,1,0,0,0,0,0,1
"4","B","26",0,0,0,0,0,0,0,0
"5","A","2",0,0,0,0,0,0,0,0
"5","A","3",0,0,0,0,0,0,0,0
"5","A","4",0,0,0,0,0,0,0,0
"5","A","5",0,0,0,0,0,0,0,0
"5","A","6",0,0,0,0,0,0,0,0
"5","A","7",0,1,0,0,0,0,0,1
"5","A","1",0,0,0,0,0,0,0,0
"5","A","8",0,0,0,0,0,0,1,0
"5","A","9",0,0,0,0,0,0,0,0
"5","A","10",0,0,0,0,0,0,0,0
"5","A","11",0,0,0,0,0,0,0,0
"5","A","12",0,0,0,0,0,0,0,0
"5","A","13",0,0,0,0,0,0,0,0
"5","A","14",0,0,0,0,0,0,0,0
"5","A","15",0,0,0,0,0,0,0,0
"5","A","16",0,0,0,0,0,0,0,0
"5","A","17",0,0,0,0,0,0,0,0
"5","A","18",0,0,0,0,0,0,0,0
"5","A","19",0,0,0,0,0,0,0,0
"5","A","20",0,0,0,0,0,0,0,0
"5","A","21",0,0,0,0,0,0,0,0
"5","A","22",0,0,0,0,0,0,0,0
"5","A","23",0,0,0,0,0,0,0,0
"5","A","24",0,0,0,0,0,0,0,0
"5","A","25",0,0,0,0,0,0,0,0
"5","B","2",0,0,0,0,0,0,0,0
"5","B","3",0,0,0,0,0,0,0,0
"5","B","4",0,1,0,0,0,0,0,1
"5","B","5",0,1,0,0,0,0,0,1
"5","B","6",0,0,0,0,0,0,0,0
"5","B","7",0,0,0,0,0,0,0,0
"5","B","1",0,0,0,0,0,0,0,0
"5","B","8",0,0,0,0,0,0,0,0
"5","B","9",0,0,0,0,0,0,0,0
"5","B","10",0,1,0,0,0,0,0,1
"5","B","11",0,2,0,0,0,0,0,2
"5","B","12",0,0,0,0,0,0,0,0
"5","B","14",0,0,0,0,0,0,0,0
"5","B","15",0,0,0,0,0,0,0,0
"5","B","16",0,0,0,0,0,0,0,0
"5","B","17",0,1,0,0,0,0,0,1
"5","B","18",0,0,0,0,0,0,0,0
"5","B","19",0,0,0,0,0,0,0,0
"5","B","20",0,0,0,0,0,0,0,0
"5","B","21",0,0,0,0,0,0,0,0
"5","B","22",0,0,0,0,0,0,0,0
"5","B","23",0,2,0,0,0,0,0,2
"5","B","24",0,0,0,0,0,0,0,0
"5","B","25",0,0,0,0,0,0,0,0
"5","B","26",0,0,0,0,0,0,0,0
"6","A","2",0,1,0,0,0,0,1,1
"6","A","3",0,0,0,0,0,0,0,0
"6","A","4",0,0,0,0,0,0,0,0
"6","A","5",0,0,0,0,0,0,0,0
"6","A","6",0,0,0,0,0,0,0,0
"6","A","7",0,0,0,0,0,0,0,0
"6","A","1",0,0,0,0,0,0,0,0
"6","A","8",0,2,0,0,0,0,3,2
"6","A","9",0,1,0,0,0,0,2,1
"6","A","10",0,0,0,0,0,0,0,0
"6","A","11",0,1,0,0,0,0,0,1
"6","A","12",0,0,0,0,0,0,0,0
"6","A","13",0,0,0,0,0,0,0,0
"6","A","14",0,0,0,0,0,0,0,0
"6","A","15",0,0,0,0,0,0,0,0
"6","A","16",0,0,0,0,0,0,0,0
"6","A","17",0,0,0,0,0,0,0,0
"6","A","18",0,0,0,0,0,0,0,0
"6","A","19",0,0,0,0,0,0,0,0
"6","A","20",0,0,0,0,0,0,0,0
"6","A","21",0,0,0,0,0,0,0,0
"6","A","22",0,0,0,0,0,0,0,0
"6","A","23",0,0,0,0,0,0,0,0
"6","A","24",0,0,0,0,0,0,0,0
"6","A","25",0,0,0,0,0,0,0,0
"6","B","2",0,0,0,0,0,0,0,0
"6","B","3",0,0,0,0,0,0,0,0
"6","B","4",0,0,0,0,0,0,0,0
"6","B","5",0,0,0,0,0,0,0,0
"6","B","6",0,0,0,0,0,0,0,0
"6","B","7",0,0,0,0,0,0,0,0
"6","B","1",0,0,0,0,0,0,0,0
"6","B","8",0,0,0,0,0,0,0,0
"6","B","9",0,0,0,0,0,0,0,0
"6","B","10",0,0,0,0,0,0,0,0
"6","B","11",0,0,0,0,0,0,0,0
"6","B","12",0,0,0,0,0,0,0,0
"6","B","14",0,0,0,0,0,0,0,0
"6","B","15",0,0,0,0,0,0,0,0
"6","B","16",0,0,0,0,0,0,0,0
"6","B","17",0,0,0,0,0,0,0,0
"6","B","18",0,0,0,0,0,0,0,0
"6","B","19",0,0,0,0,0,0,0,0
"6","B","20",0,0,0,0,0,0,0,0
"6","B","21",0,0,0,0,0,0,0,0
"6","B","22",0,0,0,0,0,0,0,0
"6","B","23",0,0,0,0,0,0,0,0
"6","B","24",0,0,0,0,0,0,0,0
"6","B","25",0,0,0,0,0,0,0,0
"6","B","26",0,0,0,0,0,0,0,0
"7","A","2",0,0,0,0,0,0,0,0
"7","A","3",0,0,0,0,0,0,0,0
"7","A","4",0,0,0,0,0,0,0,0
"7","A","5",0,0,0,0,0,0,0,0
"7","A","6",0,0,0,0,0,0,0,0
"7","A","7",0,0,0,0,0,0,0,0
"7","A","1",0,0,0,0,0,0,14,0
"7","A","8",0,0,0,0,0,0,0,0
"7","A","9",0,0,0,0,0,0,0,0
"7","A","10",0,0,0,0,0,0,0,0
"7","A","11",0,0,0,0,0,0,0,0
"7","A","12",0,0,0,0,0,0,0,0
"7","A","13",0,0,0,0,0,0,0,0
"7","A","14",0,0,0,0,0,0,0,0
"7","A","15",0,0,0,0,0,0,0,0
"7","A","16",0,0,0,0,0,0,0,0
"7","A","17",0,0,0,0,0,0,0,0
"7","A","18",0,0,0,0,0,0,0,0
"7","A","19",0,0,0,0,0,0,0,0
"7","A","20",0,0,0,0,0,0,0,0
"7","A","21",0,0,0,0,0,0,0,0
"7","A","22",0,0,0,0,0,0,0,0
"7","A","23",0,0,0,0,0,0,0,0
"7","A","24",0,0,0,0,0,0,0,0
"7","A","25",0,0,0,0,0,0,0,0
"7","B","2",0,0,0,0,0,0,0,0
"7","B","3",0,0,0,0,0,0,0,0
"7","B","4",0,0,0,0,0,0,0,0
"7","B","5",0,0,0,0,0,0,0,0
"7","B","6",0,0,0,0,0,0,0,0
"7","B","7",0,0,0,0,0,0,0,0
"7","B","1",0,0,0,0,0,0,0,0
"7","B","8",0,0,0,0,0,0,4,0
"7","B","9",0,0,0,0,0,0,3,0
"7","B","10",0,1,0,0,0,0,0,1
"7","B","11",0,0,0,0,0,0,0,0
"7","B","12",0,0,0,0,0,0,0,0
"7","B","14",0,0,0,0,0,0,0,0
"7","B","15",0,1,0,0,0,0,0,1
"7","B","16",0,0,0,0,0,0,4,0
"7","B","17",0,0,0,0,0,0,0,0
"7","B","18",0,2,0,0,0,0,3,2
"7","B","19",0,0,0,0,0,0,3,0
"7","B","20",0,0,0,0,0,0,3,0
"7","B","21",0,1,0,0,0,0,1,1
"7","B","22",0,2,0,0,0,0,26,2
"7","B","23",0,2,0,0,0,0,4,2
"7","B","24",0,0,0,0,0,0,8,0
"7","B","25",0,0,0,0,0,0,3,0
"7","B","26",0,0,0,0,0,0,0,0
"8","A","2",0,1,0,0,0,0,0,1
"8","A","3",0,0,0,0,0,0,0,0
"8","A","4",0,0,0,0,0,0,0,0
"8","A","5",0,0,0,0,0,0,0,0
"8","A","6",0,0,0,0,0,0,0,0
"8","A","7",0,0,0,0,0,0,0,0
"8","A","1",0,0,0,0,0,0,1,0
"8","A","8",0,0,0,0,0,0,0,0
"8","A","9",0,0,0,0,0,0,0,0
"8","A","10",0,0,0,0,0,0,0,0
"8","A","11",0,0,0,0,0,0,0,0
"8","A","12",0,0,0,0,0,0,0,0
"8","A","13",0,0,0,0,0,0,0,0
"8","A","14",0,0,0,0,0,0,0,0
"8","A","15",0,0,0,0,0,0,0,0
"8","A","16",0,0,0,0,0,0,0,0
"8","A","17",0,0,0,0,0,0,0,0
"8","A","18",0,0,0,0,0,0,0,0
"8","A","19",0,0,0,0,0,0,0,0
"8","A","20",0,0,0,0,0,0,0,0
"8","A","21",0,0,0,0,0,0,1,0
"8","A","22",0,0,0,0,0,0,0,0
"8","A","23",0,0,0,0,0,0,0,0
"8","A","24",0,0,0,0,0,0,0,0
"8","A","25",0,0,0,0,0,0,0,0
"8","B","2",0,0,0,0,0,0,0,0
"8","B","3",0,0,0,0,0,0,0,0
"8","B","4",0,0,0,0,0,0,0,0
"8","B","5",0,0,0,0,0,0,0,0
"8","B","6",0,0,0,0,0,0,0,0
"8","B","7",0,0,0,0,0,0,0,0
"8","B","1",0,0,0,0,0,0,0,0
"8","B","8",0,0,0,0,0,0,0,0
"8","B","9",0,0,0,0,0,0,0,0
"8","B","10",0,0,0,0,0,0,0,0
"8","B","11",0,0,0,0,0,0,0,0
"8","B","12",0,0,0,0,0,0,0,0
"8","B","14",0,0,0,0,0,0,0,0
"8","B","15",0,0,0,0,0,0,0,0
"8","B","16",0,0,0,0,0,0,0,0
"8","B","17",0,0,0,0,0,0,0,0
"8","B","18",0,0,0,0,0,0,0,0
"8","B","19",0,0,0,0,0,0,0,0
"8","B","20",0,1,0,0,0,0,0,1
"8","B","21",0,2,0,0,0,0,1,2
"8","B","22",0,0,0,0,0,0,0,0
"8","B","23",0,0,0,0,0,0,0,0
"8","B","24",0,0,0,0,0,0,0,0
"8","B","25",0,1,0,0,0,0,0,1
"8","B","26",0,0,0,0,0,0,0,0
"9","A","2",0,0,0,0,0,0,0,0
"9","A","3",0,0,0,0,0,0,0,0
"9","A","4",0,0,0,0,0,0,0,0
"9","A","5",0,0,0,0,0,0,0,0
"9","A","6",0,0,0,0,0,0,0,0
"9","A","7",0,0,0,0,0,0,0,0
"9","A","1",0,0,0,0,0,0,0,0
"9","A","8",0,0,0,0,0,0,0,0
"9","A","9",0,1,0,0,0,0,0,1
"9","A","10",0,0,0,0,0,0,0,0
"9","A","11",0,0,0,0,0,0,0,0
"9","A","12",0,0,0,0,0,0,0,0
"9","A","13",0,0,0,0,0,0,0,0
"9","A","14",0,0,0,0,0,0,0,0
"9","A","15",0,0,0,0,0,0,0,0
"9","A","16",0,0,0,0,0,0,0,0
"9","A","17",0,0,0,0,0,0,0,0
"9","A","18",0,0,0,0,0,0,0,0
"9","A","19",0,0,0,0,0,0,0,0
"9","A","20",0,0,0,0,0,0,0,0
"9","A","21",0,0,0,0,0,0,0,0
"9","A","22",0,0,0,0,0,0,0,0
"9","A","23",0,0,0,0,0,0,0,0
"9","A","24",0,0,0,0,0,0,0,0
"9","A","25",0,0,0,0,0,0,0,0
"9","B","2",0,0,0,0,0,0,0,0
"9","B","3",0,0,0,0,0,0,0,0
"9","B","4",0,0,0,0,0,0,0,0
"9","B","5",0,0,0,0,0,0,0,0
"9","B","6",0,0,0,0,0,0,0,0
"9","B","7",0,0,0,0,0,0,0,0
"9","B","1",0,0,0,0,0,0,0,0
"9","B","8",0,0,0,0,0,0,0,0
"9","B","9",0,0,0,0,0,0,0,0
"9","B","10",0,0,0,0,0,0,0,0
"9","B","11",0,0,0,0,0,0,0,0
"9","B","12",0,0,0,0,0,0,0,0
"9","B","14",0,0,0,0,0,0,0,0
"9","B","15",0,0,0,0,0,0,0,0
"9","B","16",0,0,0,0,0,0,0,0
"9","B","17",0,0,0,0,0,0,0,0
"9","B","18",0,0,0,0,0,0,0,0
"9","B","19",0,0,0,0,0,0,0,0
"9","B","20",0,0,0,0,0,0,0,0
"9","B","21",0,0,0,0,0,0,0,0
"9","B","22",0,0,0,0,0,0,0,0
"9","B","23",0,0,0,0,0,0,0,0
"9","B","24",0,0,0,0,0,0,0,0
"9","B","25",0,0,0,0,0,0,0,0
"9","B","26",0,0,0,0,0,0,0,0
"10","A","2",0,0,0,0,0,0,0,0
"10","A","3",0,0,0,0,0,0,0,0
"10","A","4",0,0,0,0,0,0,0,0
"10","A","5",0,0,0,0,0,0,0,0
"10","A","6",0,0,0,0,0,0,0,0
"10","A","7",0,0,0,0,0,0,0,0
"10","A","1",0,3,0,0,0,0,0,3
"10","A","8",0,0,0,0,0,0,0,0
"10","A","9",0,0,0,0,0,0,0,0
"10","A","10",0,0,0,0,0,0,0,0
"10","A","11",0,0,0,0,0,0,0,0
"10","A","12",0,0,0,0,0,0,0,0
"10","A","13",0,0,0,0,0,0,0,0
"10","A","14",0,0,0,0,0,0,0,0
"10","A","15",0,0,0,0,0,0,0,0
"10","A","16",0,0,0,0,0,0,0,0
"10","A","17",0,0,0,0,0,0,0,0
"10","A","18",0,0,0,0,0,0,0,0
"10","A","19",0,0,0,0,0,0,0,0
"10","A","20",0,0,0,0,0,0,0,0
"10","A","21",0,0,0,0,0,0,0,0
"10","A","22",0,0,0,0,0,0,0,0
"10","A","23",0,0,0,0,0,0,0,0
"10","A","24",0,1,0,0,0,0,0,1
"10","A","25",0,0,0,0,0,0,0,0
"10","B","2",0,0,0,0,0,0,0,0
"10","B","3",0,0,0,0,0,0,0,0
"10","B","4",0,0,0,0,0,0,0,0
"10","B","5",0,0,0,0,0,0,0,0
"10","B","6",0,0,0,0,0,0,0,0
"10","B","7",0,0,0,0,0,0,0,0
"10","B","1",0,0,0,0,0,0,0,0
"10","B","8",0,0,0,0,0,0,0,0
"10","B","9",0,0,0,0,0,0,0,0
"10","B","10",0,0,0,0,0,0,0,0
"10","B","11",0,0,0,0,0,0,0,0
"10","B","12",0,1,0,0,0,0,0,1
"10","B","14",0,0,0,0,0,0,0,0
"10","B","15",0,0,0,0,0,0,0,0
"10","B","16",0,0,0,0,0,0,0,0
"10","B","17",0,0,0,0,0,0,0,0
"10","B","18",0,0,0,0,0,0,0,0
"10","B","19",0,0,0,0,0,0,0,0
"10","B","20",0,0,0,0,0,0,0,0
"10","B","21",0,0,0,0,0,0,0,0
"10","B","22",0,0,0,0,0,0,0,0
"10","B","23",0,0,0,0,0,0,0,0
"10","B","24",0,0,0,0,0,0,0,0
"10","B","25",0,0,0,0,0,0,0,0
"10","B","26",0,0,0,0,0,0,0,0
"11","A","2",0,0,0,0,0,0,0,0
"11","A","3",0,0,0,0,0,0,0,0
"11","A","4",0,0,0,0,0,0,0,0
"11","A","5",0,0,0,0,0,0,0,0
"11","A","6",0,0,0,0,0,0,0,0
"11","A","7",0,0,0,0,0,0,0,0
"11","A","1",0,0,0,0,0,0,0,0
"11","A","8",0,0,0,0,0,0,0,0
"11","A","9",0,0,0,0,0,0,0,0
"11","A","10",0,0,0,0,0,0,0,0
"11","A","11",0,0,0,0,0,0,0,0
"11","A","12",0,0,0,0,0,0,1,0
"11","A","13",0,0,0,0,0,0,0,0
"11","A","14",0,0,0,0,0,0,1,0
"11","A","15",0,0,0,0,0,0,0,0
"11","A","16",0,0,0,0,0,0,0,0
"11","A","17",0,0,0,0,0,0,0,0
"11","A","18",0,0,0,0,0,0,0,0
"11","A","19",0,0,0,0,0,0,0,0
"11","A","20",0,0,0,0,0,0,0,0
"11","A","21",0,0,0,0,0,0,0,0
"11","A","22",0,0,0,0,0,0,0,0
"11","A","23",0,0,0,0,0,0,0,0
"11","A","24",0,0,0,0,0,0,0,0
"11","A","25",0,0,0,0,0,0,0,0
"11","B","2",0,0,0,0,0,0,0,0
"11","B","3",0,0,0,0,0,0,0,0
"11","B","4",0,0,0,0,0,0,0,0
"11","B","5",0,0,0,0,0,0,0,0
"11","B","6",0,0,0,0,0,0,0,0
"11","B","7",0,0,0,0,0,0,0,0
"11","B","1",0,0,0,0,0,0,0,0
"11","B","8",0,0,0,0,0,0,0,0
"11","B","9",0,0,0,0,0,0,0,0
"11","B","10",0,0,0,0,0,0,0,0
"11","B","11",0,0,0,0,0,0,0,0
"11","B","12",0,0,0,0,0,0,0,0
"11","B","14",0,0,0,0,0,0,0,0
"11","B","15",0,0,0,0,0,0,0,0
"11","B","16",0,0,0,0,0,0,0,0
"11","B","17",0,0,0,0,0,0,0,0
"11","B","18",0,0,0,0,0,0,0,0
"11","B","19",0,0,0,0,0,0,0,0
"11","B","20",0,0,0,0,0,0,0,0
"11","B","21",0,0,0,0,0,0,0,0
"11","B","22",0,0,0,0,0,0,0,0
"11","B","23",0,0,0,0,0,0,0,0
"11","B","24",0,0,0,0,0,0,0,0
"11","B","25",0,0,0,0,0,0,0,0
"11","B","26",0,0,0,0,0,0,0,0
"12","A","2",0,0,0,0,0,0,0,0
"12","A","3",0,0,0,0,0,0,0,0
"12","A","4",0,0,0,0,0,0,0,0
"12","A","5",0,0,0,0,0,0,0,0
"12","A","6",0,0,0,0,0,0,0,0
"12","A","7",0,0,0,0,0,0,0,0
"12","A","1",0,0,0,0,0,0,3,0
"12","A","8",0,0,0,0,0,0,0,0
"12","A","9",0,0,0,0,0,0,0,0
"12","A","10",0,0,0,0,0,0,0,0
"12","A","11",0,0,0,0,0,0,0,0
"12","A","12",0,0,0,0,0,0,0,0
"12","A","13",0,0,0,0,0,0,0,0
"12","A","14",0,0,0,0,0,0,0,0
"12","A","15",0,0,0,0,0,0,0,0
"12","A","16",0,0,0,0,0,0,0,0
"12","A","17",0,0,0,0,0,0,0,0
"12","A","18",0,0,0,0,0,0,0,0
"12","A","19",0,0,0,0,0,0,0,0
"12","A","20",0,0,0,0,0,0,0,0
"12","A","21",0,0,0,0,0,0,0,0
"12","A","22",0,0,0,0,0,0,0,0
"12","A","23",0,0,0,0,0,0,0,0
"12","A","24",0,0,0,0,0,0,0,0
"12","A","25",0,0,0,0,0,0,0,0
"12","B","2",0,0,0,0,0,0,0,0
"12","B","3",0,0,0,0,0,0,0,0
"12","B","4",0,0,0,0,0,0,0,0
"12","B","5",0,0,0,0,0,0,0,0
"12","B","6",0,0,0,0,0,0,0,0
"12","B","7",0,0,0,0,0,0,0,0
"12","B","1",0,0,0,0,0,0,0,0
"12","B","8",0,0,0,0,0,0,0,0
"12","B","9",0,0,0,0,0,0,0,0
"12","B","10",0,0,0,0,0,0,0,0
"12","B","11",0,0,0,0,0,0,0,0
"12","B","12",0,0,0,0,0,0,0,0
"12","B","14",0,0,0,0,0,0,0,0
"12","B","15",0,0,0,0,0,0,0,0
"12","B","16",0,0,0,0,0,0,0,0
"12","B","17",0,0,0,0,0,0,0,0
"12","B","18",0,0,0,0,0,0,0,0
"12","B","19",0,0,0,0,0,0,0,0
"12","B","20",0,0,0,0,0,0,0,0
"12","B","21",0,0,0,0,0,0,0,0
"12","B","22",0,0,0,0,0,0,0,0
"12","B","23",0,0,0,0,0,0,0,0
"12","B","24",0,0,0,0,0,0,0,0
"12","B","25",0,0,0,0,0,0,0,0
"12","B","26",0,0,0,0,0,0,0,0
"13","A","2",0,0,0,0,0,0,0,0
"13","A","3",0,0,0,0,0,0,0,0
"13","A","4",0,0,0,0,0,0,0,0
"13","A","5",0,0,0,0,0,0,0,0
"13","A","6",0,0,0,0,0,0,0,0
"13","A","7",0,0,0,0,0,0,0,0
"13","A","1",0,0,0,0,0,0,0,0
"13","A","8",0,0,0,0,0,0,0,0
"13","A","9",0,0,0,0,0,0,0,0
"13","A","10",0,0,0,0,0,0,0,0
"13","A","11",0,0,0,0,0,0,0,0
"13","A","12",0,0,0,0,0,0,0,0
"13","A","13",0,1,0,0,0,0,0,1
"13","A","14",0,0,0,0,0,0,0,0
"13","A","15",0,0,0,0,0,0,0,0
"13","A","16",0,0,0,0,0,0,0,0
"13","A","17",0,0,0,0,0,0,0,0
"13","A","18",0,0,0,0,0,0,0,0
"13","A","19",0,0,0,0,0,0,0,0
"13","A","20",0,0,0,0,0,0,0,0
"13","A","21",0,0,0,0,0,0,0,0
"13","A","22",0,0,0,0,0,0,0,0
"13","A","23",0,0,0,0,0,0,0,0
"13","A","24",0,0,0,0,0,0,0,0
"13","A","25",0,0,0,0,0,0,0,0
"13","B","2",0,0,0,0,0,0,0,0
"13","B","3",0,0,0,0,0,0,0,0
"13","B","4",0,0,0,0,0,0,0,0
"13","B","5",0,0,0,0,0,0,0,0
"13","B","6",0,0,0,0,0,0,0,0
"13","B","7",0,0,0,0,0,0,0,0
"13","B","1",0,0,0,0,0,0,0,0
"13","B","8",0,0,0,0,0,0,0,0
"13","B","9",0,0,0,0,0,0,0,0
"13","B","10",0,0,0,0,0,0,0,0
"13","B","11",0,0,0,0,0,0,0,0
"13","B","12",0,0,0,0,0,0,0,0
"13","B","14",0,0,0,0,0,0,0,0
"13","B","15",0,0,0,0,0,0,0,0
"13","B","16",0,0,0,0,0,0,0,0
"13","B","17",0,0,0,0,0,0,0,0
"13","B","18",0,0,0,0,0,0,0,0
"13","B","19",0,0,0,0,0,0,0,0
"13","B","20",0,0,0,0,0,0,0,0
"13","B","21",0,0,0,0,0,0,0,0
"13","B","22",0,0,0,0,0,0,0,0
"13","B","23",0,0,0,0,0,0,0,0
"13","B","24",0,0,0,0,0,0,0,0
"13","B","25",0,0,0,0,0,0,0,0
"13","B","26",0,0,0,0,0,0,0,0
"14","A","2",0,0,0,0,0,0,0,0
"14","A","3",0,0,0,0,0,0,0,0
"14","A","4",0,0,0,0,0,0,0,0
"14","A","5",0,0,0,0,0,0,0,0
"14","A","6",0,0,0,0,0,0,0,0
"14","A","7",0,0,0,0,0,0,0,0
"14","A","1",0,0,0,0,0,0,0,0
"14","A","8",0,0,0,0,0,0,0,0
"14","A","9",0,0,0,0,0,0,0,0
"14","A","10",0,0,0,0,0,0,0,0
"14","A","11",0,0,0,0,0,0,0,0
"14","A","12",0,0,0,0,0,0,0,0
"14","A","13",0,0,0,0,0,0,0,0
"14","A","14",0,0,0,0,0,0,0,0
"14","A","15",0,0,0,0,0,0,0,0
"14","A","16",0,0,0,0,0,0,0,0
"14","A","17",0,0,0,0,0,0,0,0
"14","A","18",0,0,0,0,0,0,0,0
"14","A","19",0,0,0,0,0,0,0,0
"14","A","20",0,0,0,0,0,0,0,0
"14","A","21",0,0,0,0,0,0,0,0
"14","A","22",0,0,0,0,0,0,0,0
"14","A","23",0,0,0,0,0,0,0,0
"14","A","24",0,0,0,0,0,0,0,0
"14","A","25",0,0,0,0,0,0,0,0
"14","B","2",0,0,0,0,0,0,0,0
"14","B","3",0,0,0,0,0,0,0,0
"14","B","4",0,0,0,0,0,0,0,0
"14","B","5",0,0,0,0,0,0,0,0
"14","B","6",0,0,0,0,0,0,0,0
"14","B","7",0,0,0,0,0,0,0,0
"14","B","1",0,0,0,0,0,0,0,0
"14","B","8",0,0,0,0,0,0,0,0
"14","B","9",0,0,0,0,0,0,1,0
"14","B","10",0,0,0,0,0,0,0,0
"14","B","11",0,0,0,0,0,0,0,0
"14","B","12",0,0,0,0,0,0,0,0
"14","B","14",0,0,0,0,0,0,0,0
"14","B","15",0,0,0,0,0,0,0,0
"14","B","16",0,0,0,0,0,0,0,0
"14","B","17",0,0,0,0,0,0,0,0
"14","B","18",0,0,0,0,0,0,0,0
"14","B","19",0,0,0,0,0,0,0,0
"14","B","20",0,0,0,0,0,0,0,0
"14","B","21",0,0,0,0,0,0,0,0
"14","B","22",0,0,0,0,0,0,0,0
"14","B","23",0,0,0,0,0,0,0,0
"14","B","24",0,0,0,0,0,0,0,0
"14","B","25",0,0,0,0,0,0,0,0
"14","B","26",0,0,0,0,0,0,0,0
"15","A","2",0,0,0,0,0,0,0,0
"15","A","3",0,0,0,0,0,0,0,0
"15","A","4",0,0,0,0,0,0,0,0
"15","A","5",0,0,0,0,0,0,0,0
"15","A","6",0,0,0,0,0,0,0,0
"15","A","7",0,0,0,0,0,0,0,0
"15","A","1",0,0,0,0,0,0,0,0
"15","A","8",0,0,0,0,0,0,0,0
"15","A","9",0,0,0,0,0,0,0,0
"15","A","10",0,0,0,0,0,0,0,0
"15","A","11",0,0,0,0,0,0,0,0
"15","A","12",0,0,0,0,0,0,0,0
"15","A","13",0,0,0,0,0,0,0,0
"15","A","14",0,0,0,0,0,0,0,0
"15","A","15",0,0,0,0,0,0,0,0
"15","A","16",0,0,0,0,0,0,0,0
"15","A","17",0,0,0,0,0,0,0,0
"15","A","18",0,0,0,0,0,0,0,0
"15","A","19",0,0,0,0,0,0,0,0
"15","A","20",0,0,0,0,0,0,0,0
"15","A","21",0,0,0,0,0,0,0,0
"15","A","22",0,0,0,0,0,0,0,0
"15","A","23",0,0,0,0,0,0,0,0
"15","A","24",0,0,0,0,0,0,0,0
"15","A","25",0,0,0,0,0,0,0,0
"15","B","2",0,0,0,0,0,0,0,0
"15","B","3",0,0,0,0,0,0,0,0
"15","B","4",0,0,0,0,0,0,0,0
"15","B","5",0,0,0,0,0,0,0,0
"15","B","6",0,0,0,0,0,0,0,0
"15","B","7",0,0,0,0,0,0,0,0
"15","B","1",0,0,0,0,0,0,0,0
"15","B","8",0,0,0,0,0,0,0,0
"15","B","9",0,0,0,0,0,0,0,0
"15","B","10",0,0,0,0,0,0,0,0
"15","B","11",0,0,0,0,0,0,0,0
"15","B","12",0,0,0,0,0,0,0,0
"15","B","14",0,0,0,0,0,0,0,0
"15","B","15",0,0,0,0,0,0,0,0
"15","B","16",0,0,0,0,0,0,0,0
"15","B","17",0,0,0,0,0,0,0,0
"15","B","18",0,0,0,0,0,0,0,0
"15","B","19",0,0,0,0,0,0,0,0
"15","B","20",0,0,0,0,0,0,0,0
"15","B","21",0,0,0,0,0,0,0,0
"15","B","22",0,0,0,0,0,0,0,0
"15","B","23",0,0,0,0,0,0,0,0
"15","B","24",0,0,0,0,0,0,0,0
"15","B","25",0,0,0,0,0,0,0,0
"15","B","26",0,0,0,0,0,0,0,0
"16","A","2",0,0,0,0,0,0,0,0
"16","A","3",0,0,0,0,0,0,0,0
"16","A","4",0,0,0,0,0,0,0,0
"16","A","5",0,0,0,0,0,0,0,0
"16","A","6",0,0,0,0,0,0,0,0
"16","A","7",0,0,0,0,0,0,0,0
"16","A","1",0,0,0,0,0,0,0,0
"16","A","8",0,0,0,0,0,0,0,0
"16","A","9",0,0,0,0,0,0,0,0
"16","A","10",0,0,0,0,0,0,0,0
"16","A","11",0,0,0,0,0,0,0,0
"16","A","12",0,0,0,0,0,0,0,0
"16","A","13",0,0,0,0,0,0,0,0
"16","A","14",0,0,0,0,0,0,0,0
"16","A","15",0,0,0,0,0,0,0,0
"16","A","16",0,0,0,0,0,0,0,0
"16","A","17",0,0,0,0,0,0,0,0
"16","A","18",0,0,0,0,0,0,0,0
"16","A","19",0,0,0,0,0,0,0,0
"16","A","20",0,0,0,0,0,0,0,0
"16","A","21",0,0,0,0,0,0,0,0
"16","A","22",0,0,0,0,0,0,0,0
"16","A","23",0,0,0,0,0,0,0,0
"16","A","24",0,0,0,0,0,0,0,0
"16","A","25",0,0,0,0,0,0,0,0
"16","B","2",0,0,0,0,0,0,0,0
"16","B","3",0,0,0,0,0,0,0,0
"16","B","4",0,0,0,0,0,0,0,0
"16","B","5",0,0,0,0,0,0,0,0
"16","B","6",0,0,0,0,0,0,0,0
"16","B","7",0,0,0,0,0,0,0,0
"16","B","1",0,0,0,0,0,0,0,0
"16","B","8",0,0,0,0,0,0,0,0
"16","B","9",0,0,0,0,0,0,0,0
"16","B","10",0,0,0,0,0,0,0,0
"16","B","11",0,0,0,0,0,0,0,0
"16","B","12",0,0,0,0,0,0,0,0
"16","B","14",0,0,0,0,0,0,0,0
"16","B","15",0,0,0,0,0,0,0,0
"16","B","16",0,0,0,0,0,0,0,0
"16","B","17",0,0,0,0,0,0,0,0
"16","B","18",0,0,0,0,0,0,0,0
"16","B","19",0,0,0,0,0,0,0,0
"16","B","20",0,0,0,0,0,0,0,0
"16","B","21",0,0,0,0,0,0,0,0
"16","B","22",0,0,0,0,0,0,0,0
"16","B","23",0,0,0,0,0,0,0,0
"16","B","24",0,0,0,0,0,0,0,0
"16","B","25",0,0,0,0,0,0,0,0
"16","B","26",0,0,0,0,0,0,0,0
"17","A","2",0,0,0,0,0,0,0,0
"17","A","3",0,0,0,0,0,0,0,0
"17","A","4",0,0,0,0,0,0,0,0
"17","A","5",0,0,0,0,0,0,0,0
"17","A","6",0,0,0,0,0,0,0,0
"17","A","7",0,0,0,0,0,0,0,0
"17","A","1",0,0,0,0,0,0,0,0
"17","A","8",0,0,0,0,0,0,0,0
"17","A","9",0,0,0,0,0,0,0,0
"17","A","10",0,0,0,0,0,0,0,0
"17","A","11",0,0,0,0,0,0,0,0
"17","A","12",0,0,0,0,0,0,0,0
"17","A","13",0,0,0,0,0,0,0,0
"17","A","14",0,0,0,0,0,0,0,0
"17","A","15",0,0,0,0,0,0,0,0
"17","A","16",0,0,0,0,0,0,0,0
"17","A","17",0,0,0,0,0,0,0,0
"17","A","18",0,0,0,0,0,0,0,0
"17","A","19",0,0,0,0,0,0,0,0
"17","A","20",0,0,0,0,0,0,0,0
"17","A","21",0,0,0,0,0,0,1,0
"17","A","22",0,0,0,0,0,0,0,0
"17","A","23",0,0,0,0,0,0,0,0
"17","A","24",0,0,0,0,0,0,0,0
"17","A","25",0,0,0,0,0,0,0,0
"17","B","2",0,0,0,0,0,0,0,0
"17","B","3",0,0,0,0,0,0,0,0
"17","B","4",0,0,0,0,0,0,0,0
"17","B","5",0,0,0,0,0,0,0,0
"17","B","6",0,0,0,0,0,0,0,0
"17","B","7",0,0,0,0,0,0,0,0
"17","B","1",0,0,0,0,0,0,0,0
"17","B","8",0,0,0,0,0,0,0,0
"17","B","9",0,0,0,0,0,0,0,0
"17","B","10",0,0,0,0,0,0,0,0
"17","B","11",0,0,0,0,0,0,0,0
"17","B","12",0,0,0,0,0,0,0,0
"17","B","14",0,0,0,0,0,0,0,0
"17","B","15",0,0,0,0,0,0,0,0
"17","B","16",0,0,0,0,0,0,0,0
"17","B","17",0,0,0,0,0,0,0,0
"17","B","18",0,0,0,0,0,0,0,0
"17","B","19",0,0,0,0,0,0,0,0
"17","B","20",0,0,0,0,0,0,0,0
"17","B","21",0,0,0,0,0,0,0,0
"17","B","22",0,0,0,0,0,0,0,0
"17","B","23",0,0,0,0,0,0,0,0
"17","B","24",0,0,0,0,0,0,0,0
"17","B","25",0,0,0,0,0,0,0,0
"17","B","26",0,0,0,0,0,0,0,0
"18","A","2",0,0,0,0,0,0,0,0
"18","A","3",0,0,0,0,0,0,0,0
"18","A","4",0,0,0,0,0,0,0,0
"18","A","5",0,0,0,0,0,0,0,0
"18","A","6",0,0,0,0,0,0,0,0
"18","A","7",0,0,0,0,0,0,0,0
"18","A","1",0,0,0,0,0,0,0,0
"18","A","8",0,0,0,0,0,0,0,0
"18","A","9",0,0,0,0,0,0,0,0
"18","A","10",0,0,0,0,0,0,0,0
"18","A","11",0,0,0,0,0,0,0,0
"18","A","12",0,0,0,0,0,0,0,0
"18","A","13",0,1,0,0,0,0,0,1
"18","A","14",0,0,0,0,0,0,0,0
"18","A","15",0,0,0,0,0,0,0,0
"18","A","16",0,0,0,0,0,0,0,0
"18","A","17",0,0,0,0,0,0,0,0
"18","A","18",0,0,0,0,0,0,0,0
"18","A","19",0,0,0,0,0,0,0,0
"18","A","20",0,0,0,0,0,0,0,0
"18","A","21",0,0,0,0,0,0,0,0
"18","A","22",0,0,0,0,0,0,0,0
"18","A","23",0,0,0,0,0,0,0,0
"18","A","24",0,0,0,0,0,0,0,0
"18","A","25",0,0,0,0,0,0,0,0
"18","B","2",0,0,0,0,0,0,0,0
"18","B","3",0,0,0,0,0,0,0,0
"18","B","4",0,0,0,0,0,0,0,0
"18","B","5",0,0,0,0,0,0,0,0
"18","B","6",0,0,0,0,0,0,0,0
"18","B","7",0,0,0,0,0,0,0,0
"18","B","1",0,0,0,0,0,0,0,0
"18","B","8",0,0,0,0,0,0,0,0
"18","B","9",0,0,0,0,0,0,0,0
"18","B","10",0,0,0,0,0,0,0,0
"18","B","11",0,0,0,0,0,0,0,0
"18","B","12",0,0,0,0,0,0,0,0
"18","B","14",0,0,0,0,0,0,0,0
"18","B","15",0,0,0,0,0,0,0,0
"18","B","16",0,0,0,0,0,0,0,0
"18","B","17",0,0,0,0,0,0,0,0
"18","B","18",0,0,0,0,0,0,0,0
"18","B","19",0,0,0,0,0,0,0,0
"18","B","20",0,0,0,0,0,0,0,0
"18","B","21",0,0,0,0,0,0,0,0
"18","B","22",0,0,0,0,0,0,0,0
"18","B","23",0,0,0,0,0,0,0,0
"18","B","24",0,0,0,0,0,0,0,0
"18","B","25",0,0,0,0,0,0,0,0
"18","B","26",0,0,0,0,0,0,0,0
"19","A","2",0,0,0,0,0,0,0,0
"19","A","3",0,0,0,0,0,0,0,0
"19","A","4",0,0,0,0,0,0,0,0
"19","A","5",0,0,0,0,0,0,0,0
"19","A","6",0,0,0,0,0,0,0,0
"19","A","7",0,0,0,0,0,0,0,0
"19","A","1",0,0,0,0,0,0,2,0
"19","A","8",0,0,0,0,0,0,0,0
"19","A","9",0,0,0,0,0,0,0,0
"19","A","10",0,0,0,0,0,0,0,0
"19","A","11",0,0,0,0,0,0,0,0
"19","A","12",0,0,0,0,0,0,0,0
"19","A","13",0,0,0,0,0,0,0,0
"19","A","14",0,0,0,0,0,0,0,0
"19","A","15",0,0,0,0,0,0,0,0
"19","A","16",0,0,0,0,0,0,0,0
"19","A","17",0,0,0,0,0,0,0,0
"19","A","18",0,0,0,0,0,0,0,0
"19","A","19",0,0,0,0,0,0,0,0
"19","A","20",0,0,0,0,0,0,0,0
"19","A","21",0,0,0,0,0,0,0,0
"19","A","22",0,0,0,0,0,0,0,0
"19","A","23",0,0,0,0,0,0,0,0
"19","A","24",0,0,0,0,0,0,0,0
"19","A","25",0,0,0,0,0,0,0,0
"19","B","2",0,0,0,0,0,0,0,0
"19","B","3",0,0,0,0,0,0,0,0
"19","B","4",0,0,0,0,0,0,0,0
"19","B","5",0,0,0,0,0,0,0,0
"19","B","6",0,0,0,0,0,0,0,0
"19","B","7",0,0,0,0,0,0,0,0
"19","B","1",0,0,0,0,0,0,0,0
"19","B","8",0,0,0,0,0,0,0,0
"19","B","9",0,0,0,0,0,0,0,0
"19","B","10",0,0,0,0,0,0,0,0
"19","B","11",0,0,0,0,0,0,0,0
"19","B","12",0,0,0,0,0,0,0,0
"19","B","14",0,0,0,0,0,0,0,0
"19","B","15",0,0,0,0,0,0,0,0
"19","B","16",0,0,0,0,0,0,0,0
"19","B","17",0,0,0,0,0,0,0,0
"19","B","18",0,0,0,0,0,0,0,0
"19","B","19",0,0,0,0,0,0,0,0
"19","B","20",0,0,0,0,0,0,0,0
"19","B","21",0,0,0,0,0,0,0,0
"19","B","22",0,0,0,0,0,0,0,0
"19","B","23",0,0,0,0,0,0,0,0
"19","B","24",0,0,0,0,0,0,0,0
"19","B","25",0,0,0,0,0,0,0,0
"19","B","26",0,0,0,0,0,0,0,0
"20","A","2",0,0,0,0,0,0,10,0
"20","A","3",0,0,0,0,0,0,12,0
"20","A","4",0,0,0,0,0,0,0,0
"20","A","5",0,0,0,0,0,0,1,0
"20","A","6",0,0,0,0,0,0,0,0
"20","A","7",0,0,0,0,0,0,0,0
"20","A","1",0,0,0,0,0,0,0,0
"20","A","8",0,0,0,0,0,0,0,0
"20","A","9",0,0,0,0,0,0,0,0
"20","A","10",0,0,0,0,0,0,0,0
"20","A","11",0,0,0,0,0,0,0,0
"20","A","12",0,0,0,0,0,0,0,0
"20","A","13",0,0,0,0,0,0,0,0
"20","A","14",0,0,0,0,0,0,0,0
"20","A","15",0,0,0,0,0,0,0,0
"20","A","16",0,0,0,0,0,0,0,0
"20","A","17",0,0,0,0,0,0,0,0
"20","A","18",0,0,0,0,0,0,0,0
"20","A","19",0,1,0,0,0,0,0,1
"20","A","20",0,0,0,0,0,0,0,0
"20","A","21",0,0,0,0,0,0,0,0
"20","A","22",0,0,0,0,0,0,0,0
"20","A","23",0,0,0,0,0,0,0,0
"20","A","24",0,0,0,0,0,0,0,0
"20","A","25",0,0,0,0,0,0,0,0
"20","B","2",0,0,0,0,0,0,0,0
"20","B","3",0,0,0,0,0,0,0,0
"20","B","4",0,0,0,0,0,0,0,0
"20","B","5",0,0,0,0,0,0,0,0
"20","B","6",0,0,0,0,0,0,3,0
"20","B","7",0,0,0,0,0,0,2,0
"20","B","1",0,0,0,0,0,0,0,0
"20","B","8",0,0,0,0,0,0,1,0
"20","B","9",0,0,0,0,0,0,4,0
"20","B","10",0,0,0,0,0,0,22,0
"20","B","11",0,0,0,0,0,0,4,0
"20","B","12",0,0,0,0,0,0,0,0
"20","B","14",0,0,0,0,0,0,0,0
"20","B","15",0,0,0,0,0,0,0,0
"20","B","16",0,0,0,0,0,0,0,0
"20","B","17",0,0,0,0,0,0,0,0
"20","B","18",0,0,0,0,0,0,0,0
"20","B","19",0,0,0,0,0,0,0,0
"20","B","20",0,0,0,0,0,0,0,0
"20","B","21",0,0,0,0,0,0,0,0
"20","B","22",0,0,0,0,0,0,0,0
"20","B","23",0,0,0,0,0,0,0,0
"20","B","24",0,0,0,0,0,0,0,0
"20","B","25",0,0,0,0,0,0,0,0
"20","B","26",0,0,0,0,0,0,1,0
"21","A","2",0,0,0,0,0,0,0,0
"21","A","3",0,0,0,0,0,0,0,0
"21","A","4",0,0,0,0,0,0,0,0
"21","A","5",0,0,0,0,0,0,0,0
"21","A","6",0,0,0,0,0,0,0,0
"21","A","7",0,0,0,0,0,0,0,0
"21","A","1",0,0,1,0,0,0,0,1
"21","A","8",0,0,0,0,0,0,0,0
"21","A","9",0,0,0,0,0,0,0,0
"21","A","10",0,0,0,0,0,0,0,0
"21","A","11",0,0,0,0,0,0,0,0
"21","A","12",0,0,0,0,0,0,0,0
"21","A","13",0,0,0,0,0,0,1,0
"21","A","14",0,0,0,0,0,0,0,0
"21","A","15",0,0,0,0,0,0,0,0
"21","A","16",0,0,0,0,0,0,0,0
"21","A","17",0,0,0,0,0,0,0,0
"21","A","18",0,0,0,0,0,0,0,0
"21","A","19",0,0,0,0,0,0,0,0
"21","A","20",0,0,0,0,0,0,0,0
"21","A","21",0,0,0,0,0,0,0,0
"21","A","22",0,0,0,0,0,0,1,0
"21","A","23",0,0,0,0,0,0,0,0
"21","A","24",0,0,0,0,0,0,0,0
"21","A","25",0,0,0,0,0,0,5,0
"21","B","2",0,0,0,0,0,0,0,0
"21","B","3",0,0,0,0,0,0,0,0
"21","B","4",0,0,0,0,0,0,0,0
"21","B","5",1,0,2,0,0,0,0,3
"21","B","6",0,0,0,0,0,0,0,0
"21","B","7",0,0,0,0,0,0,0,0
"21","B","1",2,0,0,0,0,0,0,2
"21","B","8",0,0,0,0,0,0,0,0
"21","B","9",0,0,0,0,0,0,0,0
"21","B","10",0,0,0,0,0,0,0,0
"21","B","11",0,0,0,0,0,0,1,0
"21","B","12",0,0,0,0,0,0,0,0
"21","B","14",0,0,0,0,0,0,0,0
"21","B","15",0,0,0,0,0,0,0,0
"21","B","16",0,0,0,0,0,0,0,0
"21","B","17",0,0,0,0,0,0,0,0
"21","B","18",0,0,0,0,0,0,0,0
"21","B","19",0,0,0,0,0,0,0,0
"21","B","20",0,0,0,0,0,0,0,0
"21","B","21",0,0,0,0,0,0,0,0
"21","B","22",0,0,0,0,0,0,0,0
"21","B","23",0,0,0,0,0,0,0,0
"21","B","24",0,0,0,0,0,0,0,0
"21","B","25",0,0,0,0,0,0,0,0
"21","B","26",0,0,0,0,0,0,0,0
"22","A","2",0,0,0,0,0,0,0,0
"22","A","3",0,0,0,0,0,0,0,0
"22","A","4",0,0,0,0,0,0,0,0
"22","A","5",0,0,0,0,0,0,0,0
"22","A","6",0,0,0,0,0,0,0,0
"22","A","7",0,0,0,0,0,0,0,0
"22","A","1",0,0,0,0,0,0,0,0
"22","A","8",0,0,0,0,0,0,0,0
"22","A","9",0,0,0,0,0,0,0,0
"22","A","10",0,0,0,0,0,0,0,0
"22","A","11",0,0,0,0,0,0,0,0
"22","A","12",0,0,0,0,0,0,0,0
"22","A","13",0,0,0,0,0,0,0,0
"22","A","14",0,0,0,0,0,0,0,0
"22","A","15",0,0,0,0,0,0,0,0
"22","A","16",0,0,0,0,0,0,0,0
"22","A","17",0,0,0,0,0,0,0,0
"22","A","18",0,0,0,0,0,0,0,0
"22","A","19",0,0,0,0,0,0,0,0
"22","A","20",0,0,0,0,0,0,0,0
"22","A","21",0,0,0,0,0,0,0,0
"22","A","22",0,0,0,0,0,0,0,0
"22","A","23",0,0,0,0,0,0,0,0
"22","A","24",0,0,0,0,0,0,0,0
"22","A","25",0,0,0,0,0,0,0,0
"22","B","2",0,0,0,0,0,0,0,0
"22","B","3",0,0,0,0,0,0,0,0
"22","B","4",0,0,0,0,0,0,0,0
"22","B","5",0,0,0,0,0,0,0,0
"22","B","6",0,0,0,0,0,0,1,0
"22","B","7",0,0,0,0,0,0,0,0
"22","B","1",0,0,0,0,0,0,0,0
"22","B","8",0,0,0,0,0,0,0,0
"22","B","9",0,0,0,0,0,0,0,0
"22","B","10",0,0,0,0,0,0,0,0
"22","B","11",0,0,0,0,0,0,0,0
"22","B","12",0,0,0,0,0,0,0,0
"22","B","14",0,0,0,0,0,0,0,0
"22","B","15",0,0,0,0,0,0,0,0
"22","B","16",0,0,0,0,0,0,0,0
"22","B","17",0,0,0,0,0,0,0,0
"22","B","18",0,0,0,0,0,0,0,0
"22","B","19",0,0,0,0,0,0,0,0
"22","B","20",0,0,0,0,0,0,0,0
"22","B","21",0,0,0,0,0,0,0,0
"22","B","22",0,0,0,0,0,0,0,0
"22","B","23",0,0,0,0,0,0,0,0
"22","B","24",0,0,0,0,0,0,0,0
"22","B","25",0,0,0,0,0,0,0,0
"22","B","26",0,0,0,0,0,0,0,0
"23","A","2",0,0,0,0,0,0,0,0
"23","A","3",0,0,0,0,0,0,0,0
"23","A","4",0,0,0,0,0,0,0,0
"23","A","5",0,0,0,0,0,0,0,0
"23","A","6",0,0,0,0,0,0,0,0
"23","A","7",0,0,0,0,0,0,0,0
"23","A","1",0,0,0,0,0,0,0,0
"23","A","8",0,0,0,0,0,0,0,0
"23","A","9",0,0,0,0,0,0,0,0
"23","A","10",0,0,0,0,0,0,0,0
"23","A","11",0,0,0,0,0,0,0,0
"23","A","12",0,0,0,0,0,0,0,0
"23","A","13",0,0,0,0,0,0,0,0
"23","A","14",0,0,0,0,0,0,0,0
"23","A","15",0,0,0,0,0,0,0,0
"23","A","16",0,0,0,0,0,0,0,0
"23","A","17",0,0,0,0,0,0,8,0
"23","A","18",0,0,0,0,0,0,12,0
"23","A","19",0,0,0,0,0,0,8,0
"23","A","20",0,0,0,0,0,0,1,0
"23","A","21",0,0,0,0,0,0,0,0
"23","A","22",0,0,0,0,0,0,0,0
"23","A","23",0,0,0,0,0,0,0,0
"23","A","24",0,0,0,0,0,0,0,0
"23","A","25",0,0,0,0,0,0,0,0
"23","B","2",0,0,0,0,0,0,0,0
"23","B","3",0,0,0,0,0,0,0,0
"23","B","4",0,0,0,0,0,0,0,0
"23","B","5",0,0,0,0,0,0,0,0
"23","B","6",0,0,0,0,0,0,0,0
"23","B","7",0,0,0,0,0,0,0,0
"23","B","1",0,0,0,0,0,0,0,0
"23","B","8",0,0,0,0,0,0,0,0
"23","B","9",0,0,0,0,0,0,0,0
"23","B","10",0,0,0,0,0,0,0,0
"23","B","11",0,0,0,0,0,0,0,0
"23","B","12",0,0,0,0,0,0,0,0
"23","B","14",0,0,0,0,0,0,0,0
"23","B","15",0,0,0,0,0,0,0,0
"23","B","16",0,0,0,0,0,0,0,0
"23","B","17",0,0,0,0,0,0,0,0
"23","B","18",0,0,0,0,0,0,0,0
"23","B","19",0,0,0,0,0,0,0,0
"23","B","20",0,0,0,0,0,0,0,0
"23","B","21",0,0,0,0,0,0,0,0
"23","B","22",0,0,0,0,0,0,0,0
"23","B","23",0,0,0,0,0,0,0,0
"23","B","24",0,0,0,0,0,0,0,0
"23","B","25",0,0,0,0,0,0,0,0
"23","B","26",0,0,0,0,0,0,0,0
"24","A","2",0,0,0,0,0,0,0,0
"24","A","3",0,0,0,0,0,0,0,0
"24","A","4",0,0,0,0,0,0,0,0
"24","A","5",0,0,0,0,0,0,0,0
"24","A","6",0,0,0,0,0,0,0,0
"24","A","7",0,0,0,0,0,0,0,0
"24","A","1",0,0,0,0,0,0,0,0
"24","A","8",0,0,0,0,0,0,0,0
"24","A","9",0,0,0,0,0,0,0,0
"24","A","10",0,0,0,0,0,0,0,0
"24","A","11",0,0,0,0,0,0,0,0
"24","A","12",0,0,0,0,0,0,1,0
"24","A","13",0,0,0,0,0,0,0,0
"24","A","14",0,0,0,0,0,0,0,0
"24","A","15",0,0,0,0,0,0,0,0
"24","A","16",0,0,0,0,0,0,0,0
"24","A","17",0,0,0,0,0,0,0,0
"24","A","18",0,0,0,0,0,0,0,0
"24","A","19",0,0,0,0,0,0,0,0
"24","A","20",0,0,0,0,0,0,0,0
"24","A","21",0,0,0,0,0,0,0,0
"24","A","22",0,0,0,0,0,0,0,0
"24","A","23",0,0,0,0,0,0,0,0
"24","A","24",0,0,0,0,0,0,0,0
"24","A","25",0,0,0,0,0,0,0,0
"24","B","2",0,0,0,0,0,0,0,0
"24","B","3",0,0,0,0,0,0,0,0
"24","B","4",0,0,0,0,0,0,0,0
"24","B","5",0,0,0,0,0,0,0,0
"24","B","6",0,0,0,0,0,0,0,0
"24","B","7",0,0,0,0,0,0,0,0
"24","B","1",0,0,0,0,0,0,0,0
"24","B","8",0,0,0,0,0,0,0,0
"24","B","9",0,0,0,0,0,0,1,0
"24","B","10",0,0,0,0,0,0,0,0
"24","B","11",0,0,0,0,0,0,0,0
"24","B","12",0,0,0,0,0,0,0,0
"24","B","14",0,0,0,0,0,0,0,0
"24","B","15",0,0,0,0,0,0,0,0
"24","B","16",0,0,0,0,0,0,0,0
"24","B","17",0,0,0,0,0,0,0,0
"24","B","18",0,0,0,0,0,0,0,0
"24","B","19",0,0,0,0,0,0,0,0
"24","B","20",0,0,0,0,0,0,0,0
"24","B","21",0,0,0,0,0,0,0,0
"24","B","22",0,0,0,0,0,0,0,0
"24","B","23",0,0,0,0,0,0,0,0
"24","B","24",0,0,0,0,0,0,0,0
"24","B","25",0,0,0,0,0,0,0,0
"24","B","26",0,0,0,0,0,0,0,0
"25","A","2",0,2,0,0,0,0,2,2
"25","A","3",0,8,0,0,0,0,1,8
"25","A","4",0,0,0,0,0,0,19,0
"25","A","5",0,1,0,0,0,0,7,1
"25","A","6",0,6,0,0,0,0,1,6
"25","A","7",0,5,0,0,0,0,13,5
"25","A","1",0,0,0,0,0,0,1,0
"25","A","8",0,1,0,0,0,0,3,1
"25","A","9",0,0,0,0,0,0,9,0
"25","A","10",0,0,0,0,0,0,0,0
"25","A","11",0,1,0,0,0,0,1,1
"25","A","12",0,0,0,0,0,0,0,0
"25","A","13",0,1,0,0,0,0,1,1
"25","A","14",0,0,0,0,0,0,0,0
"25","A","15",0,0,0,0,0,0,0,0
"25","A","16",0,0,0,0,0,0,0,0
"25","A","17",0,0,0,0,0,0,0,0
"25","A","18",0,0,0,0,0,0,0,0
"25","A","19",0,0,0,0,0,0,0,0
"25","A","20",0,0,0,0,0,0,0,0
"25","A","21",0,0,0,0,0,0,0,0
"25","A","22",0,0,0,0,0,0,0,0
"25","A","23",0,0,0,0,0,0,0,0
"25","A","24",0,0,0,0,0,0,0,0
"25","A","25",0,0,0,0,0,0,0,0
"25","B","2",0,0,0,0,0,0,0,0
"25","B","3",0,0,0,0,0,0,0,0
"25","B","4",0,0,0,0,0,0,0,0
"25","B","5",0,0,0,0,0,0,0,0
"25","B","6",0,0,0,0,0,0,0,0
"25","B","7",0,0,0,0,0,0,0,0
"25","B","1",0,0,0,0,0,0,0,0
"25","B","8",0,0,0,0,0,0,0,0
"25","B","9",0,0,0,0,0,0,0,0
"25","B","10",0,0,0,0,0,0,0,0
"25","B","11",0,0,0,0,0,0,0,0
"25","B","12",0,0,0,0,0,0,0,0
"25","B","14",0,0,0,0,0,0,0,0
"25","B","15",0,0,0,0,0,0,0,0
"25","B","16",0,0,0,0,0,0,0,0
"25","B","17",0,0,0,0,0,0,0,0
"25","B","18",0,0,0,0,0,0,0,0
"25","B","19",0,0,0,0,0,0,3,0
"25","B","20",0,1,0,0,0,0,0,1
"25","B","21",0,0,0,0,0,0,0,0
"25","B","22",0,0,0,0,0,0,0,0
"25","B","23",0,0,0,0,0,0,0,0
"25","B","24",0,0,0,0,0,0,0,0
"25","B","25",0,0,0,0,0,0,0,0
"25","B","26",0,0,0,0,0,0,0,0
"26","A","2",0,1,0,0,0,0,0,1
"26","A","3",0,1,0,0,0,0,0,1
"26","A","4",0,0,0,0,0,0,0,0
"26","A","5",0,0,0,0,0,0,0,0
"26","A","6",0,0,0,0,0,0,0,0
"26","A","7",0,0,0,0,0,0,0,0
"26","A","1",0,0,0,0,0,0,0,0
"26","A","8",0,0,0,0,0,0,0,0
"26","A","9",0,0,0,0,0,0,1,0
"26","A","10",0,0,0,0,0,0,0,0
"26","A","11",0,0,0,0,0,0,0,0
"26","A","12",0,0,0,0,0,0,0,0
"26","A","13",0,3,0,0,0,0,2,3
"26","A","14",0,0,0,0,0,0,4,0
"26","A","15",0,0,0,0,0,0,0,0
"26","A","16",0,0,0,0,0,0,1,0
"26","A","17",0,1,0,0,0,0,0,1
"26","A","18",0,0,0,0,0,0,0,0
"26","A","19",0,0,0,0,0,0,3,0
"26","A","20",0,0,0,0,0,0,0,0
"26","A","21",0,1,0,0,0,0,1,1
"26","A","22",0,1,0,0,0,0,0,1
"26","A","23",0,2,0,0,0,0,0,2
"26","A","24",0,0,0,0,0,0,0,0
"26","A","25",0,0,0,0,0,0,0,0
"26","B","2",0,0,0,0,0,0,0,0
"26","B","3",0,0,0,0,0,0,0,0
"26","B","4",0,0,0,0,0,0,0,0
"26","B","5",0,0,0,0,0,0,0,0
"26","B","6",0,0,0,0,0,0,0,0
"26","B","7",0,0,0,0,0,0,0,0
"26","B","1",0,0,0,0,0,0,1,0
"26","B","8",0,0,0,0,0,0,0,0
"26","B","9",0,0,0,0,0,0,0,0
"26","B","10",0,0,0,0,0,0,0,0
"26","B","11",0,0,0,0,0,0,0,0
"26","B","12",0,0,0,0,0,0,0,0
"26","B","14",0,0,0,0,0,0,0,0
"26","B","15",0,0,0,0,0,0,0,0
"26","B","16",0,0,0,0,0,0,0,0
"26","B","17",0,0,0,0,0,0,0,0
"26","B","18",0,0,0,0,0,0,0,0
"26","B","19",0,0,0,0,0,0,0,0
"26","B","20",0,0,0,0,0,0,0,0
"26","B","21",0,0,0,0,0,0,3,0
"26","B","22",0,0,0,0,0,0,0,0
"26","B","23",0,0,0,0,0,0,0,0
"26","B","24",0,0,0,0,0,0,0,0
"26","B","25",0,0,0,0,0,0,0,0
"26","B","26",0,0,0,0,0,0,0,0
"27","A","2",0,2,0,0,0,0,0,2
"27","A","3",0,0,0,0,0,0,0,0
"27","A","4",0,0,0,0,0,0,0,0
"27","A","5",0,0,0,0,0,0,0,0
"27","A","6",0,0,0,0,0,0,0,0
"27","A","7",0,0,0,0,0,0,0,0
"27","A","1",0,0,1,0,0,0,4,1
"27","A","8",0,0,0,0,0,0,0,0
"27","A","9",0,0,0,0,0,0,0,0
"27","A","10",0,0,0,0,0,0,0,0
"27","A","11",0,0,0,0,0,0,0,0
"27","A","12",0,0,0,0,0,0,0,0
"27","A","13",0,0,0,0,0,0,0,0
"27","A","14",0,0,0,0,0,0,0,0
"27","A","15",0,0,0,0,0,0,0,0
"27","A","16",0,0,0,0,0,0,0,0
"27","A","17",0,0,0,0,0,0,0,0
"27","A","18",0,0,0,0,0,0,0,0
"27","A","19",0,0,0,0,0,0,0,0
"27","A","20",0,0,0,0,0,0,0,0
"27","A","21",0,0,0,0,0,0,0,0
"27","A","22",0,0,0,0,0,0,0,0
"27","A","23",0,0,0,0,0,0,0,0
"27","A","24",0,0,0,0,0,0,0,0
"27","A","25",0,0,0,0,0,0,0,0
"27","B","2",0,0,0,0,0,0,0,0
"27","B","3",0,0,0,0,0,0,0,0
"27","B","4",0,0,0,0,0,0,0,0
"27","B","5",0,0,0,0,0,0,0,0
"27","B","6",0,0,0,0,0,0,0,0
"27","B","7",0,0,0,0,0,0,0,0
"27","B","1",0,2,0,0,0,0,7,2
"27","B","8",0,0,0,0,0,0,0,0
"27","B","9",0,0,0,0,0,0,0,0
"27","B","10",0,0,0,0,0,0,0,0
"27","B","11",0,0,0,0,0,0,0,0
"27","B","12",0,0,0,0,0,0,0,0
"27","B","14",0,0,0,0,0,0,0,0
"27","B","15",0,0,0,0,0,0,0,0
"27","B","16",0,0,0,0,0,0,0,0
"27","B","17",0,0,0,0,0,0,1,0
"27","B","18",0,0,0,0,0,0,4,0
"27","B","19",0,0,0,0,0,0,0,0
"27","B","20",0,0,0,0,0,0,0,0
"27","B","21",0,0,0,0,0,0,0,0
"27","B","22",0,0,0,0,0,0,0,0
"27","B","23",0,0,0,0,0,0,0,0
"27","B","24",0,0,0,0,0,0,0,0
"27","B","25",0,0,0,0,0,0,0,0
"27","B","26",0,0,0,0,0,0,0,0
"29","A","2",0,0,0,0,0,0,0,0
"29","A","3",0,0,0,0,0,0,0,0
"29","A","4",0,0,0,0,0,0,0,0
"29","A","5",0,0,0,0,0,0,0,0
"29","A","6",0,0,0,0,0,0,0,0
"29","A","7",0,0,0,0,0,0,0,0
"29","A","1",0,0,0,0,0,0,0,0
"29","A","8",0,0,0,0,0,0,0,0
"29","A","9",0,0,0,0,0,0,0,0
"29","A","10",0,0,0,0,0,0,0,0
"29","A","11",0,0,0,0,0,0,0,0
"29","A","12",0,0,0,0,0,0,0,0
"29","A","13",0,0,0,0,0,0,0,0
"29","A","14",0,0,0,0,0,0,0,0
"29","A","15",0,0,0,0,0,0,0,0
"29","A","16",0,0,0,0,0,0,0,0
"29","A","17",0,0,0,0,0,0,0,0
"29","A","18",0,0,0,0,0,0,0,0
"29","A","19",0,0,0,0,0,0,0,0
"29","A","20",0,0,0,0,0,0,0,0
"29","A","21",0,0,0,0,0,0,0,0
"29","A","22",0,0,0,0,0,0,0,0
"29","A","23",0,0,0,0,0,0,0,0
"29","A","24",0,0,0,0,0,0,0,0
"29","A","25",0,0,0,0,0,0,0,0
"29","B","2",0,0,0,0,0,0,0,0
"29","B","3",0,0,0,1,0,0,0,1
"29","B","4",0,0,0,0,0,0,0,0
"29","B","5",0,0,0,0,0,0,0,0
"29","B","6",0,0,0,0,0,0,0,0
"29","B","7",0,0,0,0,0,0,0,0
"29","B","1",0,0,0,0,0,0,0,0
"29","B","8",0,0,0,0,0,0,0,0
"29","B","9",0,0,0,0,0,0,0,0
"29","B","10",0,0,0,0,0,0,0,0
"29","B","11",0,0,0,0,0,0,0,0
"29","B","12",0,0,0,0,0,0,0,0
"29","B","14",0,0,0,0,0,0,0,0
"29","B","15",0,0,0,0,0,0,0,0
"29","B","16",0,0,0,0,0,0,0,0
"29","B","17",0,0,0,0,0,0,0,0
"29","B","18",0,0,0,0,0,0,0,0
"29","B","19",0,0,0,0,0,0,0,0
"29","B","20",0,0,0,1,0,0,0,1
"29","B","21",0,0,0,0,0,0,0,0
"29","B","22",0,0,0,0,0,0,0,0
"29","B","23",0,0,0,0,0,0,0,0
"29","B","24",0,0,0,0,0,0,0,0
"29","B","25",0,0,0,0,0,0,0,0
"29","B","26",0,0,0,0,0,0,0,0
"30","A","2",0,0,0,0,0,0,0,0
"30","A","3",0,0,0,0,0,0,0,0
"30","A","4",0,0,0,0,0,0,0,0
"30","A","5",0,0,0,0,0,0,0,0
"30","A","6",0,0,0,0,0,0,0,0
"30","A","7",0,0,0,0,0,0,0,0
"30","A","1",0,0,0,0,0,0,0,0
"30","A","8",0,0,0,0,0,0,0,0
"30","A","9",0,0,0,0,0,0,0,0
"30","A","10",0,0,0,0,0,0,0,0
"30","A","11",0,0,0,0,0,0,0,0
"30","A","12",0,0,0,0,0,0,0,0
"30","A","13",0,0,0,0,0,0,0,0
"30","A","14",0,0,0,0,0,0,0,0
"30","A","15",0,0,0,0,0,0,0,0
"30","A","16",0,0,0,0,0,0,0,0
"30","A","17",0,0,0,0,0,0,0,0
"30","A","18",0,0,0,0,0,0,1,0
"30","A","19",0,0,0,0,0,0,0,0
"30","A","20",0,0,0,0,0,0,0,0
"30","A","21",0,0,0,0,0,0,0,0
"30","A","22",0,0,0,0,0,0,0,0
"30","A","23",0,0,0,0,0,0,0,0
"30","A","24",0,0,0,0,0,0,0,0
"30","A","25",0,0,0,0,0,0,0,0
"30","B","2",0,0,0,0,0,0,0,0
"30","B","3",0,0,0,0,0,0,0,0
"30","B","4",0,0,0,0,0,0,0,0
"30","B","5",0,0,0,0,0,0,0,0
"30","B","6",0,0,0,0,0,0,0,0
"30","B","7",0,0,0,1,0,0,0,1
"30","B","1",0,0,0,0,0,0,0,0
"30","B","8",0,0,0,0,0,0,0,0
"30","B","9",0,0,0,0,0,0,0,0
"30","B","10",0,0,0,0,0,0,0,0
"30","B","11",0,0,0,0,0,0,0,0
"30","B","12",0,0,0,0,0,0,0,0
"30","B","14",0,0,0,0,0,0,0,0
"30","B","15",0,0,0,0,0,0,0,0
"30","B","16",0,0,0,0,0,0,0,0
"30","B","17",0,0,0,0,0,0,0,0
"30","B","18",0,0,0,0,0,0,0,0
"30","B","19",0,0,0,0,0,0,0,0
"30","B","20",0,0,0,0,0,0,0,0
"30","B","21",0,0,0,0,0,0,0,0
"30","B","22",0,0,0,0,0,0,0,0
"30","B","23",0,0,0,0,0,0,1,0
"30","B","24",0,0,0,0,0,0,0,0
"30","B","25",0,0,0,0,0,0,0,0
"30","B","26",0,0,0,0,0,0,0,0
"31","A","2",0,0,0,0,0,0,0,0
"31","A","3",0,0,0,0,0,0,0,0
"31","A","4",0,0,0,0,0,0,0,0
"31","A","5",0,0,0,0,0,0,0,0
"31","A","6",0,0,0,0,0,0,0,0
"31","A","7",0,0,0,0,0,0,0,0
"31","A","1",0,0,0,0,0,0,0,0
"31","A","8",0,0,0,0,0,0,0,0
"31","A","9",0,0,0,0,0,0,0,0
"31","A","10",0,0,0,0,0,0,0,0
"31","A","11",0,0,0,0,0,0,0,0
"31","A","12",0,0,0,0,0,0,0,0
"31","A","13",0,0,0,0,0,0,0,0
"31","A","14",0,0,0,0,0,0,0,0
"31","A","15",0,0,0,0,0,0,0,0
"31","A","16",0,0,0,0,0,0,0,0
"31","A","17",0,0,0,0,0,0,0,0
"31","A","18",0,0,0,0,0,0,0,0
"31","A","19",0,0,0,0,0,0,0,0
"31","A","20",0,0,0,0,0,0,0,0
"31","A","21",0,0,0,0,0,0,0,0
"31","A","22",0,0,0,0,0,0,0,0
"31","A","23",0,0,0,0,0,0,0,0
"31","A","24",0,0,0,0,0,0,0,0
"31","A","25",0,0,0,0,0,0,0,0
"31","B","2",0,0,0,0,0,0,0,0
"31","B","3",0,0,0,0,0,0,0,0
"31","B","4",0,0,0,0,0,0,0,0
"31","B","5",0,0,0,0,0,0,0,0
"31","B","6",0,0,0,0,0,0,0,0
"31","B","7",0,0,0,0,0,0,0,0
"31","B","1",0,0,0,0,0,0,0,0
"31","B","8",0,0,0,0,0,0,0,0
"31","B","9",0,0,0,0,0,0,0,0
"31","B","10",0,0,0,0,0,0,0,0
"31","B","11",0,0,0,0,0,0,0,0
"31","B","12",0,0,0,0,0,0,0,0
"31","B","14",0,0,0,0,0,0,0,0
"31","B","15",0,0,0,0,0,0,0,0
"31","B","16",0,0,0,0,0,0,0,0
"31","B","17",0,0,0,0,0,0,0,0
"31","B","18",0,0,0,0,0,0,0,0
"31","B","19",0,0,0,0,0,0,0,0
"31","B","20",0,0,0,0,0,0,0,0
"31","B","21",0,0,0,0,0,0,0,0
"31","B","22",0,0,0,0,0,0,0,0
"31","B","23",0,0,0,0,0,0,0,0
"31","B","24",0,0,0,0,0,0,0,0
"31","B","25",0,0,0,0,0,0,0,0
"31","B","26",0,0,0,0,0,0,0,0
"32","A","2",0,0,0,0,0,0,0,0
"32","A","3",0,0,0,0,0,0,0,0
"32","A","4",0,0,0,0,0,0,0,0
"32","A","5",0,0,0,0,0,0,0,0
"32","A","6",0,0,0,0,0,0,0,0
"32","A","7",0,0,0,0,0,0,0,0
"32","A","1",0,0,0,0,0,0,0,0
"32","A","8",0,0,0,0,0,0,0,0
"32","A","9",0,0,0,0,0,0,0,0
"32","A","10",0,0,0,0,0,0,0,0
"32","A","11",0,0,0,0,0,0,0,0
"32","A","12",0,0,0,0,0,0,0,0
"32","A","13",0,0,0,0,0,0,0,0
"32","A","14",0,0,0,0,0,0,0,0
"32","A","15",0,0,0,0,0,0,0,0
"32","A","16",0,0,0,0,0,0,0,0
"32","A","17",0,0,0,0,0,0,0,0
"32","A","18",0,0,0,0,0,0,0,0
"32","A","19",0,0,0,0,0,0,0,0
"32","A","20",0,0,0,0,0,0,0,0
"32","A","21",0,0,0,0,0,0,0,0
"32","A","22",0,0,0,0,0,0,0,0
"32","A","23",0,0,0,0,0,0,0,0
"32","A","24",0,0,0,0,0,0,0,0
"32","A","25",0,0,0,0,0,0,0,0
"32","B","2",0,0,0,0,0,0,0,0
"32","B","3",0,0,0,0,0,0,0,0
"32","B","4",0,0,0,0,0,0,0,0
"32","B","5",0,0,0,0,0,0,0,0
"32","B","6",0,0,0,0,0,0,0,0
"32","B","7",0,0,0,0,0,0,0,0
"32","B","1",0,0,0,0,0,0,0,0
"32","B","8",0,0,0,0,0,0,0,0
"32","B","9",0,0,0,0,0,0,0,0
"32","B","10",0,0,0,0,0,0,0,0
"32","B","11",0,0,0,0,0,0,0,0
"32","B","12",0,0,0,0,0,0,0,0
"32","B","14",0,0,0,0,0,0,0,0
"32","B","15",0,0,0,0,0,0,0,0
"32","B","16",0,0,0,0,0,0,0,0
"32","B","17",0,0,0,0,0,0,0,0
"32","B","18",0,0,0,0,0,0,0,0
"32","B","19",0,0,0,0,0,0,0,0
"32","B","20",0,0,0,0,0,0,0,0
"32","B","21",0,0,0,0,0,0,0,0
"32","B","22",0,0,0,0,0,0,0,0
"32","B","23",0,0,0,0,0,0,0,0
"32","B","24",0,0,0,0,0,0,0,0
"32","B","25",0,0,0,0,0,0,0,0
"32","B","26",0,0,0,0,0,0,0,0
"34","A","2",0,0,0,0,0,0,0,0
"34","A","3",0,0,0,0,0,0,0,0
"34","A","4",0,0,0,0,0,0,0,0
"34","A","5",0,0,0,0,0,0,0,0
"34","A","6",0,0,0,0,0,0,0,0
"34","A","7",0,0,0,0,0,0,0,0
"34","A","1",0,0,0,0,0,0,0,0
"34","A","8",0,0,0,0,0,0,1,0
"34","A","9",0,0,0,0,0,0,0,0
"34","A","10",0,0,0,0,0,0,1,0
"34","A","11",0,0,0,0,0,0,1,0
"34","A","12",0,0,0,0,0,0,0,0
"34","A","13",0,1,0,0,0,0,0,1
"34","A","14",0,0,0,0,0,0,0,0
"34","A","15",0,0,0,0,0,0,0,0
"34","A","16",0,1,0,0,0,0,4,1
"34","A","17",0,0,0,0,0,0,1,0
"34","A","18",0,0,0,0,0,0,2,0
"34","A","19",0,0,0,0,0,0,1,0
"34","A","20",0,0,0,0,0,0,0,0
"34","A","21",0,1,0,0,0,0,4,1
"34","A","22",0,0,0,0,0,0,4,0
"34","A","23",0,0,0,0,0,0,1,0
"34","A","24",0,0,0,0,0,0,1,0
"34","A","25",0,0,0,0,0,0,2,0
"34","B","2",0,0,0,0,0,0,1,0
"34","B","3",0,0,0,0,0,0,0,0
"34","B","4",0,0,0,0,0,0,0,0
"34","B","5",0,0,0,0,0,0,0,0
"34","B","6",0,0,0,0,0,0,1,0
"34","B","7",0,0,0,0,0,0,1,0
"34","B","1",0,0,0,0,0,0,0,0
"34","B","8",0,0,0,0,0,0,1,0
"34","B","9",0,0,0,0,0,0,0,0
"34","B","10",0,0,0,0,0,0,0,0
"34","B","11",0,0,0,0,0,0,1,0
"34","B","12",0,0,0,0,0,0,0,0
"34","B","14",0,0,0,0,0,0,0,0
"34","B","15",0,0,0,0,0,0,0,0
"34","B","16",0,0,0,0,0,0,0,0
"34","B","17",0,0,0,0,0,0,0,0
"34","B","18",0,0,0,0,0,0,0,0
"34","B","19",0,0,0,0,0,0,0,0
"34","B","20",0,0,0,0,0,0,1,0
"34","B","21",0,0,0,0,0,0,1,0
"34","B","22",0,0,0,0,0,0,0,0
"34","B","23",0,0,0,0,0,0,0,0
"34","B","24",0,0,0,0,0,0,0,0
"34","B","25",0,0,0,0,0,0,0,0
"34","B","26",0,0,0,0,0,0,0,0
"35","A","2",0,0,0,0,0,0,0,0
"35","A","3",0,0,0,0,0,0,0,0
"35","A","4",0,0,0,0,0,0,0,0
"35","A","5",0,0,0,0,0,0,0,0
"35","A","6",0,0,0,0,0,0,0,0
"35","A","7",0,0,0,0,0,0,0,0
"35","A","1",0,0,0,0,0,0,0,0
"35","A","8",0,0,0,0,0,0,1,0
"35","A","9",0,0,0,0,0,0,0,0
"35","A","10",0,0,0,0,0,0,0,0
"35","A","11",0,0,0,0,0,0,0,0
"35","A","12",0,0,0,0,0,0,0,0
"35","A","13",0,0,0,0,0,0,0,0
"35","A","14",0,0,0,0,0,0,0,0
"35","A","15",0,0,0,0,0,0,0,0
"35","A","16",0,0,0,0,0,0,0,0
"35","A","17",0,0,0,0,0,0,0,0
"35","A","18",0,0,0,0,0,0,0,0
"35","A","19",0,0,0,0,0,0,0,0
"35","A","20",0,0,0,0,0,0,0,0
"35","A","21",0,0,0,0,0,0,0,0
"35","A","22",0,0,0,0,0,0,0,0
"35","A","23",0,0,0,0,0,0,0,0
"35","A","24",0,0,0,0,0,0,0,0
"35","A","25",0,0,0,0,0,0,0,0
"35","B","2",0,0,0,0,0,0,1,0
"35","B","3",0,0,0,0,0,0,2,0
"35","B","4",0,0,0,0,0,0,0,0
"35","B","5",0,0,0,0,0,0,0,0
"35","B","6",0,0,0,0,0,0,0,0
"35","B","7",0,0,0,0,0,0,0,0
"35","B","1",0,0,0,0,0,0,0,0
"35","B","8",0,0,0,0,0,0,2,0
"35","B","9",0,0,0,0,0,0,0,0
"35","B","10",0,0,0,0,0,0,0,0
"35","B","11",0,0,0,0,0,0,1,0
"35","B","12",0,0,0,0,0,0,0,0
"35","B","14",0,0,0,0,0,0,0,0
"35","B","15",0,0,0,0,0,0,0,0
"35","B","16",0,0,0,0,0,0,0,0
"35","B","17",0,0,0,0,0,0,0,0
"35","B","18",0,0,0,0,0,0,0,0
"35","B","19",0,0,0,0,0,0,0,0
"35","B","20",0,0,0,0,0,0,0,0
"35","B","21",0,0,0,0,0,0,0,0
"35","B","22",0,0,0,0,0,0,0,0
"35","B","23",0,0,0,0,0,0,0,0
"35","B","24",0,0,0,0,0,0,0,0
"35","B","25",0,0,0,0,0,0,1,0
"35","B","26",0,0,0,0,0,0,0,0
"37","A","2",0,0,0,0,0,0,0,0
"37","A","3",0,0,0,0,0,0,0,0
"37","A","4",0,0,0,0,0,0,0,0
"37","A","5",0,0,0,0,0,0,0,0
"37","A","6",0,0,0,0,0,0,0,0
"37","A","7",0,0,0,0,0,0,0,0
"37","A","1",0,0,0,0,0,0,0,0
"37","A","8",0,0,0,0,0,0,0,0
"37","A","9",0,0,0,0,0,0,0,0
"37","A","10",0,0,0,0,0,0,0,0
"37","A","11",0,0,0,0,0,0,0,0
"37","A","12",0,0,0,0,0,0,0,0
"37","A","13",0,0,0,0,0,0,0,0
"37","A","14",0,0,0,0,0,0,0,0
"37","A","15",0,0,0,0,0,0,0,0
"37","A","16",0,0,0,0,0,0,0,0
"37","A","17",0,0,0,0,0,0,0,0
"37","A","18",0,0,0,0,0,0,0,0
"37","A","19",0,0,0,0,0,0,0,0
"37","A","20",0,0,0,0,0,0,0,0
"37","A","21",0,0,0,0,0,0,0,0
"37","A","22",0,0,0,0,0,0,0,0
"37","A","23",0,0,0,0,0,0,0,0
"37","A","24",0,0,0,0,0,0,0,0
"37","A","25",0,0,0,0,0,0,0,0
"37","B","2",0,1,0,0,0,0,0,1
"37","B","3",0,0,0,0,0,0,0,0
"37","B","4",0,1,0,0,0,0,0,1
"37","B","5",0,0,0,0,0,0,0,0
"37","B","6",0,0,0,0,0,0,0,0
"37","B","7",0,0,0,0,0,0,0,0
"37","B","1",0,1,0,0,0,0,0,1
"37","B","8",0,0,0,0,0,0,0,0
"37","B","9",0,0,0,0,0,0,0,0
"37","B","10",0,0,0,0,0,0,0,0
"37","B","11",0,0,0,0,0,0,0,0
"37","B","12",0,0,0,0,0,0,0,0
"37","B","14",0,0,0,0,0,0,0,0
"37","B","15",0,0,0,0,0,0,0,0
"37","B","16",0,0,0,0,0,0,0,0
"37","B","17",0,0,0,0,0,0,0,0
"37","B","18",0,0,0,0,0,0,0,0
"37","B","19",0,0,0,0,0,0,0,0
"37","B","20",0,0,0,0,0,0,0,0
"37","B","21",0,0,0,0,0,0,0,0
"37","B","22",0,0,0,0,0,0,0,0
"37","B","23",0,0,0,0,0,0,0,0
"37","B","24",0,0,0,0,0,0,0,0
"37","B","25",0,0,0,0,0,0,0,0
"37","B","26",0,0,0,0,0,0,0,0
"38","A","2",0,0,0,0,0,0,0,0
"38","A","3",0,2,0,0,0,0,8,2
"38","A","4",0,3,1,0,0,0,0,4
"38","A","5",0,0,2,0,0,0,0,2
"38","A","6",0,3,0,0,0,0,5,3
"38","A","7",0,0,0,0,0,0,8,0
"38","A","1",0,0,0,0,0,0,2,0
"38","A","8",0,1,0,0,0,0,2,1
"38","A","9",0,4,1,0,0,0,10,5
"38","A","10",0,0,0,0,0,0,0,0
"38","A","11",0,2,0,0,0,0,5,2
"38","A","12",0,1,0,0,0,0,11,1
"38","A","13",0,0,1,0,0,0,0,1
"38","A","14",0,0,0,0,0,0,2,0
"38","A","15",0,1,0,0,0,0,0,1
"38","A","16",0,0,0,0,0,0,0,0
"38","A","17",0,0,0,0,0,0,11,0
"38","A","18",0,1,0,0,0,0,14,1
"38","A","19",0,0,0,0,0,0,1,0
"38","A","20",0,0,0,0,0,0,0,0
"38","A","21",0,1,0,0,0,0,0,1
"38","A","22",0,2,0,0,0,0,1,2
"38","A","23",0,0,0,0,0,0,0,0
"38","A","24",0,0,0,0,0,0,0,0
"38","A","25",0,0,0,0,0,0,6,0
"38","B","2",0,1,0,0,0,0,0,1
"38","B","3",0,1,0,0,0,0,4,1
"38","B","4",0,0,1,0,0,0,1,1
"38","B","5",0,0,0,0,0,0,0,0
"38","B","6",0,0,0,0,0,0,0,0
"38","B","7",0,0,0,0,0,0,0,0
"38","B","1",0,0,0,0,0,0,0,0
"38","B","8",0,0,0,0,0,0,0,0
"38","B","9",0,0,0,0,0,0,0,0
"38","B","10",0,0,0,0,0,0,1,0
"38","B","11",0,0,0,0,0,0,9,0
"38","B","12",0,0,0,0,0,0,2,0
"38","B","14",0,0,0,0,0,0,0,0
"38","B","15",0,0,0,0,0,0,4,0
"38","B","16",0,1,0,0,0,0,4,1
"38","B","17",0,1,1,0,0,0,1,2
"38","B","18",0,0,0,0,0,0,8,0
"38","B","19",0,0,0,0,0,0,3,0
"38","B","20",0,1,0,0,0,0,6,1
"38","B","21",0,0,0,0,0,0,7,0
"38","B","22",0,1,0,0,0,0,12,1
"38","B","23",0,0,0,0,0,0,3,0
"38","B","24",0,0,0,0,0,0,1,0
"38","B","25",0,0,1,0,0,0,0,1
"38","B","26",0,0,0,0,0,0,5,0
